date_captured,substance,url,asin,seller,screenshot
2020-08-25,GHRP-2,https://www.amazon.com/Growth-Hormone-Releasing-Peptide-2-GHRP-2/dp/B0149BEJGG/ref=sr_1_21?dchild=1&m=A3NHLVMZMCF47R,B0149BEJGG,(Pharma Grade Peptides),https://raw.githubusercontent.com/the-markup/investigation-amazon-peptides/raw/master/screenshots/screencapture-amazon-Growth-Hormone-Releasing-Peptide-2-GHRP-2-dp-B0149BEJGG-ref-sr-1-21-2020-08-25-14_02_11.png
2020-08-25,TB-500,https://www.amazon.com/TB-500-10mg-Vial/dp/B01ETSOI5Q/ref=sr_1_17?dchild=1&m=A3NHLVMZMCF47R,B01ETSOI5Q,(Pharma Grade Peptides),https://raw.githubusercontent.com/the-markup/investigation-amazon-peptides/raw/master/screenshots/screencapture-amazon-TB-500-10mg-Vial-dp-B01ETSOI5Q-ref-sr-1-17-2020-08-25-13_59_20.png
2020-09-03,TB-500,https://www.amazon.com/TB-500-10mg-Vial/dp/B01ETSOI5Q/ref=sr_1_9?dchild=1&m=A3C5TLTWUDRI6T,B01ETSOI5Q,Pendmo Supplies,https://raw.githubusercontent.com/the-markup/investigation-amazon-peptides/raw/master/screenshots/screencapture-amazon-TB-500-10mg-Vial-dp-B01ETSOI5Q-ref-sr-1-9-2020-09-03-12_31_06.png
2020-09-03,Melanotan 1,https://www.amazon.com/InQuest-malanotan-1-10mg-vial/dp/B01N39ZTRR/ref=sr_1_17?dchild=1&m=A3NHLVMZMCF47R,B01N39ZTRR,(Pharma Grade Peptides),https://raw.githubusercontent.com/the-markup/investigation-amazon-peptides/raw/master/screenshots/screencapture-amazon-InQuest-malanotan-1-10mg-vial-dp-B01N39ZTRR-ref-pd-sbs-328-7-2020-09-03-16_03_18.png
2020-09-02,Melanotan 1,https://www.amazon.com/InQuest-malanotan-1-10mg-vial/dp/B01N39ZTRR/ref=pd_sbs_328_7?_encoding=UTF8&pd_rd_i=B01N39ZTRR&pd_rd_r=3bf1cf7e-b965-435b-a2ce-b35df05c9c6f&pd_rd_w=0mw9I&pd_rd_wg=3Huff&pf_rd_p=b65ee94e-1282-43fc-a8b1-8bf931f6dfab&pf_rd_r=HGN31WK6KRZ9B94AA0WW&psc=1&refRID=HGN31WK6KRZ9B94AA0WW,B01N39ZTRR,AMAZING PEPTIDES,https://raw.githubusercontent.com/the-markup/investigation-amazon-peptides/raw/master/screenshots/screencapture-amazon-InQuest-malanotan-1-10mg-vial-dp-B01N39ZTRR-ref-pd-sbs-328-7-2020-09-03-16_03_18.png
2020-09-03,Epitalon,https://www.amazon.com/Epitalon-Epithalon-Telomere-Lengthener-Lifespan/dp/B078WW78VL/ref=sr_1_7?dchild=1&m=A3NHLVMZMCF47R,B078WW78VL,(Pharma Grade Peptides),https://raw.githubusercontent.com/the-markup/investigation-amazon-peptides/raw/master/screenshots/screencapture-amazon-Epitalon-Epithalon-Telomere-Lengthener-Lifespan-dp-B078WW78VL-ref-sr-1-7-2020-09-03-14_54_44.png
2020-09-03,Epitalon,https://www.amazon.com/Epitalon-Epithalon-Telomere-Lengthener-Lifespan/dp/B078WW78VL/ref=sr_1_7?dchild=1&m=A3C5TLTWUDRI6T,B078WW78VL,Pendmo Supplies,https://raw.githubusercontent.com/the-markup/investigation-amazon-peptides/raw/master/screenshots/screencapture-amazon-Epitalon-Epithalon-Telomere-Lengthener-Lifespan-dp-B078WW78VL-ref-sr-1-7-2020-09-03-12_01_12.png
2020-08-25,BPC 157,https://www.amazon.com/Rejevity-BPC-157-50mg-Protective-Compound/dp/B07HR5B7BW/ref=sr_1_4?dchild=1&m=A3NHLVMZMCF47R,B07HR5B7BW,(Pharma Grade Peptides),https://raw.githubusercontent.com/the-markup/investigation-amazon-peptides/raw/master/screenshots/screencapture-amazon-Rejevity-BPC-157-50mg-Protective-Compound-dp-B07HR5B7BW-ref-sr-1-4-2020-08-25-13_49_20.png
2020-09-03,TB-500,https://www.amazon.com/TB-500-10mg/dp/B07ND13D2W/ref=sr_1_3?dchild=1&m=A3NHLVMZMCF47R,B07ND13D2W,Pendmo Supplies,https://raw.githubusercontent.com/the-markup/investigation-amazon-peptides/raw/master/screenshots/screencapture-amazon-TB-500-10mg-dp-B07ND13D2W-ref-sr-1-4-2020-09-03-11_53_15.png
2020-08-25,TB-500,https://www.amazon.com/TB-500-10mg/dp/B07ND13D2W/ref=sr_1_4?dchild=1&m=A3C5TLTWUDRI6T,B07ND13D2W,(Pharma Grade Peptides),https://raw.githubusercontent.com/the-markup/investigation-amazon-peptides/raw/master/screenshots/screencapture-amazon-TB-500-10mg-dp-B07ND13D2W-ref-sr-1-3-2020-08-25-13_47_47.png
2020-08-25,TB-500,https://www.amazon.com/Rejevity-TB-500-25mg-Thymosin-Beta-4/dp/B07PG2X95J/ref=sr_1_12?dchild=1&m=A3NHLVMZMCF47R,B07PG2X95J,(Pharma Grade Peptides),https://raw.githubusercontent.com/the-markup/investigation-amazon-peptides/raw/master/screenshots/screencapture-amazon-Rejevity-TB-500-25mg-Thymosin-Beta-4-dp-B07PG2X95J-ref-sr-1-12-2020-08-25-13_57_12.png
2020-09-02,GHRP-6,https://www.amazon.com/5-00205-Size-His1-GHRP-Scientific/dp/B07PPQ6F4F/ref=sr_1_1?dchild=1&m=A1NRJZI87KFUBY,B07PPQ6F4F,PURITY PEPTIDES,https://raw.githubusercontent.com/the-markup/investigation-amazon-peptides/raw/master/screenshots/screencapture-amazon-5-00205-Size-His1-GHRP-Scientific-dp-B07PPQ6F4F-ref-sr-1-1-2020-09-02-14_25_45.png
2020-08-25,Epitalon,https://www.amazon.com/Epitalon-10mg-Epithalon-Purity-HPLC-Tested/dp/B07SD7ZB2T/ref=sr_1_4?dchild=1&m=A2ERT4W6X51QOS,B07SD7ZB2T,QRC,https://raw.githubusercontent.com/the-markup/investigation-amazon-peptides/raw/master/screenshots/screencapture-amazon-Epitalon-10mg-Epithalon-Purity-HPLC-Tested-dp-B07SD7ZB2T-ref-sr-1-4-2020-08-25-14_08_14.png
2020-08-25,TB-500,https://www.amazon.com/TB-500-Thymosin-Beta-4-Purity-HPLC-Tested/dp/B07WGWMHQ5/ref=sr_1_5?dchild=1&m=A2ERT4W6X51QOS,B07WGWMHQ5,QRC,https://raw.githubusercontent.com/the-markup/investigation-amazon-peptides/raw/master/screenshots/screencapture-amazon-TB-500-Thymosin-Beta-4-Purity-HPLC-Tested-dp-B07WGWMHQ5-ref-sr-1-5-2020-08-25-14_09_13.png
2020-08-25,Epitalon,https://www.amazon.com/Epitalon-100mg-Purity-HPLC-Lab-Tested/dp/B07WNKPKS6/ref=sr_1_2?dchild=1&m=A2ERT4W6X51QOS,B07WNKPKS6,QRC,https://raw.githubusercontent.com/the-markup/investigation-amazon-peptides/raw/master/screenshots/screencapture-amazon-Epitalon-100mg-Purity-HPLC-Lab-Tested-dp-B07WNKPKS6-ref-sr-1-2-2020-08-25-14_07_01.png
2020-09-08,TB-500,https://www.amazon.com/TB-500-THYMOSIN-BETA-4-5MG-Same-Shipping/dp/B07X8QZ6V7/ref=sr_1_18?dchild=1&m=A3NHLVMZMCF47R,B07X8QZ6V7,APEXBUY,https://raw.githubusercontent.com/the-markup/investigation-amazon-peptides/raw/master/screenshots/screencapture-amazon-TB-500-THYMOSIN-BETA-4-5MG-Same-Shipping-dp-B07X8QZ6V7-ref-sr-1-2-2020-09-08-19_59_27.png
2020-08-25,TB-500,https://www.amazon.com/TB-500-THYMOSIN-BETA-4-5MG-Same-Shipping/dp/B07X8QZ6V7/ref=sr_1_12?dchild=1&m=A3C5TLTWUDRI6T,B07X8QZ6V7,(Pharma Grade Peptides),https://raw.githubusercontent.com/the-markup/investigation-amazon-peptides/raw/master/screenshots/screencapture-amazon-TB-500-THYMOSIN-BETA-4-5MG-Same-Shipping-dp-B07X8QZ6V7-ref-sr-1-18-2020-08-25-14_00_32.png
2020-09-03,TB-500,https://www.amazon.com/TB-500-THYMOSIN-BETA-4-5MG-Same-Shipping/dp/B07X8QZ6V7/ref=sr_1_2?dchild=1&m=A30KPLZE164F8L,B07X8QZ6V7,Pendmo Supplies,https://raw.githubusercontent.com/the-markup/investigation-amazon-peptides/raw/master/screenshots/screencapture-amazon-TB-500-THYMOSIN-BETA-4-5MG-Same-Shipping-dp-B07X8QZ6V7-ref-sr-1-12-2020-09-03-12_37_47.png
2020-09-03,Epitalon,https://www.amazon.com/EPITALON-Same-Day-Shipping-Cut/dp/B07X9QJ77R/ref=sr_1_16?dchild=1&m=A3NHLVMZMCF47R,B07X9QJ77R,Pendmo Supplies,https://raw.githubusercontent.com/the-markup/investigation-amazon-peptides/raw/master/screenshots/screencapture-amazon-EPITALON-Same-Day-Shipping-Cut-dp-B07X9QJ77R-ref-sr-1-14-2020-09-03-12_44_47.png
2020-09-03,Epitalon,https://www.amazon.com/EPITALON-Same-Day-Shipping-Cut/dp/B07X9QJ77R/ref=sr_1_14?dchild=1&m=A3C5TLTWUDRI6T,B07X9QJ77R,(Pharma Grade Peptides),https://raw.githubusercontent.com/the-markup/investigation-amazon-peptides/raw/master/screenshots/screencapture-amazon-EPITALON-Same-Day-Shipping-Cut-dp-B07X9QJ77R-ref-sr-1-16-2020-09-03-14_59_49.png
2020-09-03,TB-500,https://www.amazon.com/Driven-TB-500/dp/B07Y5TQTVK/ref=sr_1_18?dchild=1&m=A3NHLVMZMCF47R,B07Y5TQTVK,Pendmo Supplies,https://raw.githubusercontent.com/the-markup/investigation-amazon-peptides/raw/master/screenshots/screencapture-amazon-Driven-TB-500-dp-B07Y5TQTVK-ref-sr-1-15-2020-09-03-12_45_36.png
2020-09-03,TB-500,https://www.amazon.com/Driven-TB-500/dp/B07Y5TQTVK/ref=sr_1_12?dchild=1&m=A3C5TLTWUDRI6T,B07Y5TQTVK,(Pharma Grade Peptides),https://raw.githubusercontent.com/the-markup/investigation-amazon-peptides/raw/master/screenshots/screencapture-amazon-Driven-TB-500-dp-B07Y5TQTVK-ref-sr-1-18-2020-09-03-15_03_53.png
2020-08-25,TB-500,https://www.amazon.com/Driven-TB-500/dp/B07Y5TQTVK/ref=sr_1_15?dchild=1&m=A3C5TLTWUDRI6T,B07Y5TQTVK,Pendmo Supplies,https://raw.githubusercontent.com/the-markup/investigation-amazon-peptides/raw/master/screenshots/screencapture-amazon-Driven-TB-500-dp-B07Y5TQTVK-ref-sr-1-12-2020-08-25-14_30_04.png
2020-08-25,BPC 157,https://www.amazon.com/Premier-Research-BPC-157/dp/B083D69THK/ref=sr_1_15?dchild=1&m=A3NHLVMZMCF47R,B083D69THK,(Pharma Grade Peptides),https://raw.githubusercontent.com/the-markup/investigation-amazon-peptides/raw/master/screenshots/screencapture-amazon-Premier-Research-BPC-157-dp-B083D69THK-ref-sr-1-15-2020-08-25-13_57_32.png
2020-09-08,Epitalon,https://www.amazon.com/Epitalon-Epithalamin-Activator-Guaranteed-AntiOxidant/dp/B083R9PN81/,B083R9PN81,APEXBUY,https://raw.githubusercontent.com/the-markup/investigation-amazon-peptides/raw/master/screenshots/screencapture-amazon-Epitalon-Epithalamin-Activator-Guaranteed-AntiOxidant-dp-B083R9PN81-ref-sr-1-3-2020-09-08-19_59_47.png
2020-08-25,TB-500,https://www.amazon.com/TB-500-Thymosin-Minimum-Guaranteed-Lyophilized/dp/B083RB35N1/ref=sr_1_16?dchild=1&m=A3NHLVMZMCF47R,B083RB35N1,(Pharma Grade Peptides),https://raw.githubusercontent.com/the-markup/investigation-amazon-peptides/raw/master/screenshots/screencapture-amazon-TB-500-Thymosin-Minimum-Guaranteed-Lyophilized-dp-B083RB35N1-ref-sr-1-16-2020-08-25-13_58_39.png
2020-08-25,Epitalon,https://www.amazon.com/Premier-Research-Epithalon-10mg/dp/B083Y57BSV/ref=sr_1_24?dchild=1&m=A3NHLVMZMCF47R,B083Y57BSV,(Pharma Grade Peptides),https://raw.githubusercontent.com/the-markup/investigation-amazon-peptides/raw/master/screenshots/screencapture-amazon-Premier-Research-Epithalon-10mg-dp-B083Y57BSV-ref-sr-1-24-2020-08-25-14_03_57.png
2020-09-02,TB-500,https://www.amazon.com/500-5MG-Ships-Same-Order/dp/B084R8KTS4/ref=sr_1_3?dchild=1&m=A1NRJZI87KFUBY,B084R8KTS4,PURITY PEPTIDES,https://raw.githubusercontent.com/the-markup/investigation-amazon-peptides/raw/master/screenshots/screencapture-amazon-500-5MG-Ships-Same-Order-dp-B084R8KTS4-ref-sr-1-3-2020-09-02-14_28_31.png
2020-09-03,Melanotan II,https://www.amazon.com/Generic-M-T-2-10mg/dp/B0851WZWB4/ref=sr_1_6?dchild=1&m=A3NHLVMZMCF47R,B0851WZWB4,(Pharma Grade Peptides),https://raw.githubusercontent.com/the-markup/investigation-amazon-peptides/raw/master/screenshots/screencapture-amazon-Generic-M-T-2-10mg-dp-B0851WZWB4-ref-sr-1-6-2020-09-03-14_51_53.png
2020-09-02,DSIP,https://www.amazon.com/5mg-Ships-Same-Day-Order/dp/B085HBY8SJ/ref=sr_1_4?dchild=1&m=A1NRJZI87KFUBY,B085HBY8SJ,PURITY PEPTIDES,https://raw.githubusercontent.com/the-markup/investigation-amazon-peptides/raw/master/screenshots/screencapture-amazon-5mg-Ships-Same-Day-Order-dp-B085HBY8SJ-ref-sr-1-4-2020-09-03-15_58_19.png
2020-09-02,GHRP-6,https://www.amazon.com/G-H-P-R_65mg-Ships-Same-Ordered-Before/dp/B0862BB7ZF/ref=sr_1_2?dchild=1&m=A1NRJZI87KFUBY,B0862BB7ZF,PURITY PEPTIDES,https://raw.githubusercontent.com/the-markup/investigation-amazon-peptides/raw/master/screenshots/screencapture-amazon-G-H-P-R-65mg-Ships-Same-Ordered-Before-dp-B0862BB7ZF-ref-sr-1-2-2020-09-02-14_27_26.png
2020-08-25,TB-500,https://www.amazon.com/Peptide-Supplies-TB-500-Thymosin-Beta-4/dp/B086K3XNWB/ref=sr_1_9?dchild=1&m=A3NHLVMZMCF47R,B086K3XNWB,(Pharma Grade Peptides),https://raw.githubusercontent.com/the-markup/investigation-amazon-peptides/raw/master/screenshots/screencapture-amazon-Peptide-Supplies-TB-500-Thymosin-Beta-4-dp-B086K3XNWB-ref-sr-1-9-2020-08-25-13_55_07.png
2020-09-03,TB-500,https://www.amazon.com/Peptide-Supplies-TB-500-Thymosin-Beta-4/dp/B086K3XNWB/ref=sr_1_5?dchild=1&m=A3C5TLTWUDRI6T,B086K3XNWB,Pendmo Supplies,https://raw.githubusercontent.com/the-markup/investigation-amazon-peptides/raw/master/screenshots/screencapture-amazon-Peptide-Supplies-TB-500-Thymosin-Beta-4-dp-B086K3XNWB-ref-sr-1-5-2020-09-03-11_54_37.png
2020-08-25,Epitalon,https://www.amazon.com/Peptide-Supplies-Epithalon-10mg-Epitalon/dp/B086K4XWFJ/ref=sr_1_19?dchild=1&m=A3NHLVMZMCF47R,B086K4XWFJ,(Pharma Grade Peptides),https://raw.githubusercontent.com/the-markup/investigation-amazon-peptides/raw/master/screenshots/screencapture-amazon-Peptide-Supplies-Epithalon-10mg-Epitalon-dp-B086K4XWFJ-ref-sr-1-19-2020-08-25-14_03_07.png
2020-08-25,BPC 157,https://www.amazon.com/Peptide-Supplies-BPC-20mg-Vials/dp/B086KJDYF2/ref=pd_bxgy_img_3/141-0631414-8599608?_encoding=UTF8&pd_rd_i=B086KJDYF2&pd_rd_r=cfb8efb5-d9c4-4445-bf9f-255dd67ea670&pd_rd_w=csnXE&pd_rd_wg=3ZRkL&pf_rd_p=ce6c479b-ef53-49a6-845b-bbbf35c28dd3&pf_rd_r=DGNSZJR32HN5M3PW76GG&psc=1&refRID=DGNSZJR32HN5M3PW76GG,B086KJDYF2,(Pharma Grade Peptides),https://raw.githubusercontent.com/the-markup/investigation-amazon-peptides/raw/master/screenshots/screencapture-amazon-Peptide-Supplies-BPC-20mg-Vials-dp-B086KJDYF2-ref-pd-bxgy-img-3-141-0631414-8599608-2020-08-25-12_55_43.png
2020-09-03,BPC 157,https://www.amazon.com/Peptide-Supplies-BPC-20mg-Vials/dp/B086KJDYF2/ref=sr_1_2?dchild=1&m=A3C5TLTWUDRI6T,B086KJDYF2,Pendmo Supplies,https://raw.githubusercontent.com/the-markup/investigation-amazon-peptides/raw/master/screenshots/screencapture-amazon-Peptide-Supplies-BPC-20mg-Vials-dp-B086KJDYF2-ref-sr-1-2-2020-09-03-11_40_11.png
2020-09-03,Melanotan 1,https://www.amazon.com/Melanotan-MT1-10mg/dp/B086W5LBBT/ref=sr_1_5?dchild=1&m=A3NHLVMZMCF47R,B086W5LBBT,(Pharma Grade Peptides),https://raw.githubusercontent.com/the-markup/investigation-amazon-peptides/raw/master/screenshots/screencapture-amazon-Melanotan-MT1-10mg-dp-B086W5LBBT-ref-sr-1-5-2020-09-03-14_49_43.png
2020-09-02,Melanotan 1,https://www.amazon.com/Melanotan-MT1-10mg/dp/B086W5LBBT/ref=sr_1_20?dchild=1&keywords=Singular+Supplies,B086W5LBBT,Singular Supplies,https://raw.githubusercontent.com/the-markup/investigation-amazon-peptides/raw/master/screenshots/screencapture-amazon-Melanotan-MT1-10mg-dp-B086W5LBBT-ref-sr-1-20-2020-09-03-16_06_05.png
2020-08-25,TB-500,https://www.amazon.com/TB-500-Thymosin-Beta-4-Double-HPLC-Tested-Shipping/dp/B0874MS6ZP/ref=sr_1_5?dchild=1&m=A3NHLVMZMCF47R,B0874MS6ZP,(Pharma Grade Peptides),https://raw.githubusercontent.com/the-markup/investigation-amazon-peptides/raw/master/screenshots/screencapture-amazon-TB-500-Thymosin-Beta-4-Double-HPLC-Tested-Shipping-dp-B0874MS6ZP-ref-sr-1-5-2020-08-25-13_52_46.png
2020-09-03,TB-500,https://www.amazon.com/TB-500-Thymosin-Beta-4-Double-HPLC-Tested-Shipping/dp/B0874MS6ZP/ref=sr_1_3?dchild=1&m=A3C5TLTWUDRI6T,B0874MS6ZP,Pendmo Supplies,https://raw.githubusercontent.com/the-markup/investigation-amazon-peptides/raw/master/screenshots/screencapture-amazon-TB-500-Thymosin-Beta-4-Double-HPLC-Tested-Shipping-dp-B0874MS6ZP-ref-sr-1-3-2020-09-03-11_49_36.png
2020-08-25,TB-500,https://www.amazon.com/TB-500-Thymosin-Beta-4-5mg-25mg/dp/B0878B2S63/ref=sr_1_7?dchild=1&m=A2ERT4W6X51QOS,B0878B2S63,QRC,https://raw.githubusercontent.com/the-markup/investigation-amazon-peptides/raw/master/screenshots/screencapture-amazon-TB-500-Thymosin-Beta-4-5mg-25mg-dp-B0878B2S63-ref-sr-1-7-2020-08-25-14_09_48.png
2020-08-25,TB-500,https://www.amazon.com/Purified-Removed-Quality-Thymosin-Fragment/dp/B087B5QKTY/ref=sr_1_4?dchild=1&m=A1N7EEU5NCHRLP,B087B5QKTY,Pendmo Supplies,https://raw.githubusercontent.com/the-markup/investigation-amazon-peptides/raw/master/screenshots/screencapture-amazon-Purified-Removed-Quality-Thymosin-Fragment-dp-B087B5QKTY-ref-sr-1-10-2020-08-25-14_30_28.png
2020-09-02,TB-500,https://www.amazon.com/Purified-Removed-Quality-Thymosin-Fragment/dp/B087B5QKTY/ref=sr_1_13?dchild=1&keywords=tb500,B087B5QKTY,Paradigm Peptides,https://raw.githubusercontent.com/the-markup/investigation-amazon-peptides/raw/master/screenshots/screencapture-amazon-Purified-Removed-Quality-Thymosin-Fragment-dp-B087B5QKTY-ref-sr-1-4-2020-09-02-12_52_09.png
2020-09-02,Melanotan II,https://www.amazon.com/Highly-Purified-Removed-Quality-Melano-tan/dp/B087BCLTV7/ref=sr_1_1?dchild=1&m=A1N7EEU5NCHRLP,B087BCLTV7,Paradigm Peptides,https://raw.githubusercontent.com/the-markup/investigation-amazon-peptides/raw/master/screenshots/screencapture-amazon-Highly-Purified-Removed-Quality-Melano-tan-dp-B087BCLTV7-ref-sr-1-1-2020-09-03-15_48_34.png
2020-09-02,Epitalon,https://www.amazon.com/Epitalon-Highly-Purified-Removed-Quality/dp/B087BK74BP/ref=sr_1_3?dchild=1&m=A1N7EEU5NCHRLP,B087BK74BP,Paradigm Peptides,https://raw.githubusercontent.com/the-markup/investigation-amazon-peptides/raw/master/screenshots/screencapture-amazon-Epitalon-Highly-Purified-Removed-Quality-dp-B087BK74BP-ref-sr-1-3-2020-09-02-12_50_16.png
2020-09-02,GHRP-2,https://www.amazon.com/PARADIGM-PEPTIDES-Paradigm-Peptides-GHRP-2/dp/B087C9SDCH/ref=sr_1_6?dchild=1&m=A1N7EEU5NCHRLP,B087C9SDCH,Paradigm Peptides,https://raw.githubusercontent.com/the-markup/investigation-amazon-peptides/raw/master/screenshots/screencapture-amazon-PARADIGM-PEPTIDES-Paradigm-Peptides-GHRP-2-dp-B087C9SDCH-ref-sr-1-6-2020-09-02-12_35_33.png
2020-08-25,BPC 157,https://www.amazon.com/Trident-Peptide-BPC-157-5mg/dp/B08BG26QF3/ref=sr_1_6?dchild=1&m=A3NHLVMZMCF47R,B08BG26QF3,(Pharma Grade Peptides),https://raw.githubusercontent.com/the-markup/investigation-amazon-peptides/raw/master/screenshots/screencapture-amazon-Trident-Peptide-BPC-157-5mg-dp-B08BG26QF3-ref-sr-1-6-2020-08-25-13_53_44.png
2020-09-03,BPC 157,https://www.amazon.com/Trident-Peptide-BPC-157-5mg/dp/B08BG26QF3/ref=sr_1_6?dchild=1&m=A3C5TLTWUDRI6T,B08BG26QF3,Pendmo Supplies,https://raw.githubusercontent.com/the-markup/investigation-amazon-peptides/raw/master/screenshots/screencapture-amazon-Trident-Peptide-BPC-157-5mg-dp-B08BG26QF3-ref-sr-1-6-2020-09-03-11_58_08.png
2020-08-25,BPC 157,https://www.amazon.com/USPG-BPC-157-10mg-2/dp/B08BJP7KSN/ref=sr_1_20?dchild=1&m=A3NHLVMZMCF47R,B08BJP7KSN,(Pharma Grade Peptides),https://raw.githubusercontent.com/the-markup/investigation-amazon-peptides/raw/master/screenshots/screencapture-amazon-USPG-BPC-157-10mg-2-dp-B08BJP7KSN-ref-sr-1-20-2020-08-25-14_01_18.png
2020-08-25,BPC 157,https://www.amazon.com/BPC-Body-Protective-Compound-25mg/dp/B08BR38H6S/ref=sr_1_4?dchild=1&keywords=bpc157,B08BR38H6S,QRC,https://raw.githubusercontent.com/the-markup/investigation-amazon-peptides/raw/master/screenshots/screencapture-amazon-BPC-Body-Protective-Compound-25mg-dp-B08BR38H6S-ref-sr-1-4-2020-08-25-14_05_59.png
2020-08-25,GHRP-6,https://www.amazon.com/Trident-Peptide-GRP-6-10MG/dp/B08BYNHY19/ref=sr_1_3?dchild=1&m=A2KD7MA1RAXWFK,B08BYNHY19,Trident Peptide Direct,https://raw.githubusercontent.com/the-markup/investigation-amazon-peptides/raw/master/screenshots/screencapture-amazon-Trident-Peptide-GRP-6-10MG-dp-B08BYNHY19-ref-sr-1-3-2020-08-25-14_42_15.png
2020-08-25,GHRP-2,https://www.amazon.com/Trident-Peptide-GRP-2-10MG/dp/B08C1KCWGG/ref=sr_1_7?dchild=1&m=A2KD7MA1RAXWFK,B08C1KCWGG,Trident Peptide Direct,https://raw.githubusercontent.com/the-markup/investigation-amazon-peptides/raw/master/screenshots/screencapture-amazon-Trident-Peptide-GRP-2-10MG-dp-B08C1KCWGG-ref-sr-1-7-2020-08-25-14_44_00.png
2020-08-25,BPC 157,https://www.amazon.com/Trident-Peptide-BPC-157-5mg/dp/B08CC5SPFY/ref=sr_1_9?dchild=1&m=A2KD7MA1RAXWFK,B08CC5SPFY,Trident Peptide Direct,https://raw.githubusercontent.com/the-markup/investigation-amazon-peptides/raw/master/screenshots/screencapture-amazon-Trident-Peptide-BPC-157-5mg-dp-B08CC5SPFY-ref-sr-1-9-2020-08-25-14_44_54.png
2020-08-25,PT-141,https://www.amazon.com/Trident-Peptide-PT-141-10mg/dp/B08CC5WCVR/ref=sr_1_11?dchild=1&m=A3NHLVMZMCF47R,B08CC5WCVR,(Pharma Grade Peptides),https://raw.githubusercontent.com/the-markup/investigation-amazon-peptides/raw/master/screenshots/screencapture-amazon-Trident-Peptide-PT-141-10mg-dp-B08CC5WCVR-ref-sr-1-11-2020-08-25-13_56_24.png
2020-08-25,BPC 157,https://www.amazon.com/BPC-157-5mg-Body-Protective-Compound/dp/B08DBVHN61/ref=sr_1_9?dchild=1&m=A2ERT4W6X51QOS,B08DBVHN61,QRC,https://raw.githubusercontent.com/the-markup/investigation-amazon-peptides/raw/master/screenshots/screencapture-amazon-BPC-157-5mg-Body-Protective-Compound-dp-B08DBVHN61-ref-sr-1-9-2020-08-25-14_11_02.png
2020-08-25,"TB-500, BPC 157",https://www.amazon.com/TB-500-5mg-BPC-157-Combo-Pack/dp/B08DCSLX8Q/ref=sr_1_8?dchild=1&m=A2ERT4W6X51QOS,B08DCSLX8Q,QRC,https://raw.githubusercontent.com/the-markup/investigation-amazon-peptides/raw/master/screenshots/screencapture-amazon-TB-500-5mg-BPC-157-Combo-Pack-dp-B08DCSLX8Q-ref-sr-1-8-2020-08-25-14_10_12.png
2020-08-25,Ipamorelin,https://www.amazon.com/Trident-Peptide-IPAMO-RELIN-5mg/dp/B08F3DNGPF/ref=sr_1_1?dchild=1&m=A2KD7MA1RAXWFK,B08F3DNGPF,Trident Peptide Direct,https://raw.githubusercontent.com/the-markup/investigation-amazon-peptides/raw/master/screenshots/screencapture-amazon-Trident-Peptide-IPAMO-RELIN-5mg-dp-B08F3DNGPF-ref-sr-1-1-2020-08-25-14_39_55.png
2020-08-25,Epitalon,https://www.amazon.com/Trident-Peptide-EPITALON-10mg/dp/B08F3FSH4N/ref=sr_1_4?dchild=1&m=A2KD7MA1RAXWFK,B08F3FSH4N,Trident Peptide Direct,https://raw.githubusercontent.com/the-markup/investigation-amazon-peptides/raw/master/screenshots/screencapture-amazon-Trident-Peptide-EPITALON-10mg-dp-B08F3FSH4N-ref-sr-1-4-2020-08-25-14_43_29.png
2020-08-25,HGH Fragment 176-191,https://www.amazon.com/Trident-Peptide-HGH-FRAG-176-191/dp/B08F3FSY6W/ref=sr_1_2?dchild=1&m=A2KD7MA1RAXWFK,B08F3FSY6W,Trident Peptide Direct,https://raw.githubusercontent.com/the-markup/investigation-amazon-peptides/raw/master/screenshots/screencapture-amazon-Trident-Peptide-HGH-FRAG-176-191-dp-B08F3FSY6W-ref-sr-1-2-2020-08-28-13_33_12.png
2020-09-02,BPC 157,https://www.amazon.com/PARADIGM-PEPTIDES-Paradigm-Peptides-BPC-157/dp/B08FHDHC8X/ref=sr_1_8?dchild=1&m=A1N7EEU5NCHRLP,B08FHDHC8X,Paradigm Peptides,https://raw.githubusercontent.com/the-markup/investigation-amazon-peptides/raw/master/screenshots/screencapture-amazon-PARADIGM-PEPTIDES-Paradigm-Peptides-BPC-157-dp-B08FHDHC8X-ref-sr-1-8-2020-09-02-12_54_42.png
2020-09-02,PT-141,https://www.amazon.com/PARADIGM-PEPTIDES-Paradigm-Peptides-PT-141/dp/B08FHFD4P2/ref=sr_1_5?dchild=1&m=A1N7EEU5NCHRLP,B08FHFD4P2,Paradigm Peptides,https://raw.githubusercontent.com/the-markup/investigation-amazon-peptides/raw/master/screenshots/screencapture-amazon-PARADIGM-PEPTIDES-Paradigm-Peptides-PT-141-dp-B08FHFD4P2-ref-sr-1-5-2020-09-02-12_52_37.png
2020-08-25,BPC 157,https://www.amazon.com/BEHEMOTHLABZ-BPC-157-5mg/dp/B08FXT89H3/ref=sr_1_60?dchild=1&keywords=BEHEMOTHLABZ,B08FXT89H3,Three1.aob163,https://raw.githubusercontent.com/the-markup/investigation-amazon-peptides/raw/master/screenshots/screencapture-amazon-BEHEMOTHLABZ-BPC-157-5mg-dp-B08FXT89H3-ref-sr-1-60-2020-08-25-14_27_13.png
2020-08-25,BPC 157,https://www.amazon.com/BEHEMOTHLABZ-BPC-157-10mg/dp/B08FYNTW9N/ref=sr_1_59?dchild=1&keywords=BEHEMOTHLABZ,B08FYNTW9N,Three1.aob163,https://raw.githubusercontent.com/the-markup/investigation-amazon-peptides/raw/master/screenshots/screencapture-amazon-BEHEMOTHLABZ-BPC-157-10mg-dp-B08FYNTW9N-ref-sr-1-59-2020-08-25-14_26_54.png
2020-08-25,"TB-500, BPC 157",https://www.amazon.com/BEHEMOTHLABZ-BPC-157-TB-500-5mg-Blend/dp/B08FYP9X44/ref=sr_1_58?dchild=1&keywords=BEHEMOTHLABZ,B08FYP9X44,Three1.aob163,https://raw.githubusercontent.com/the-markup/investigation-amazon-peptides/raw/master/screenshots/screencapture-amazon-BEHEMOTHLABZ-BPC-157-TB-500-5mg-Blend-dp-B08FYP9X44-ref-sr-1-58-2020-08-25-14_26_11.png
2020-08-25,Epitalon,https://www.amazon.com/BEHEMOTHLABZ-Epithalon-Epitalon-50mg/dp/B08FYV1D6Y/ref=sr_1_55?dchild=1&keywords=BEHEMOTHLABZ,B08FYV1D6Y,Three1.aob163,https://raw.githubusercontent.com/the-markup/investigation-amazon-peptides/raw/master/screenshots/screencapture-amazon-BEHEMOTHLABZ-Epithalon-Epitalon-50mg-dp-B08FYV1D6Y-ref-sr-1-55-2020-08-25-14_25_41.png
2020-08-25,Epitalon,https://www.amazon.com/BEHEMOTHLABZ-Epithalon-Epitalon-10mg/dp/B08FYVBGSK/ref=sr_1_54?dchild=1&keywords=BEHEMOTHLABZ,B08FYVBGSK,Three1.aob163,https://raw.githubusercontent.com/the-markup/investigation-amazon-peptides/raw/master/screenshots/screencapture-amazon-BEHEMOTHLABZ-Epithalon-Epitalon-10mg-dp-B08FYVBGSK-ref-sr-1-54-2020-08-25-14_24_55.png
2020-08-25,Epitalon,https://www.amazon.com/BEHEMOTHLABZ-Epithalon-Epitalon-100mg/dp/B08FYWJ4ZQ/ref=sr_1_53?dchild=1&keywords=BEHEMOTHLABZ,B08FYWJ4ZQ,Three1.aob163,https://raw.githubusercontent.com/the-markup/investigation-amazon-peptides/raw/master/screenshots/screencapture-amazon-BEHEMOTHLABZ-Epithalon-Epitalon-100mg-dp-B08FYWJ4ZQ-ref-sr-1-53-2020-08-25-14_24_31.png
2020-08-25,GHRP-2,https://www.amazon.com/BEHEMOTHLABZ-GHRP-2-10mg/dp/B08FZ22KLP/ref=sr_1_52?dchild=1&keywords=BEHEMOTHLABZ,B08FZ22KLP,Three1.aob163,https://raw.githubusercontent.com/the-markup/investigation-amazon-peptides/raw/master/screenshots/screencapture-amazon-BEHEMOTHLABZ-GHRP-2-10mg-dp-B08FZ22KLP-ref-sr-1-52-2020-08-25-14_23_35
2020-08-25,HGH Fragment 176-191,https://www.amazon.com/BEHEMOTHLABZ-HGH-Fragment-176-191-5mg/dp/B08FZCZFH2/ref=sr_1_51?dchild=1&keywords=BEHEMOTHLABZ,B08FZCZFH2,Three1.aob163,https://raw.githubusercontent.com/the-markup/investigation-amazon-peptides/raw/master/screenshots/screencapture-amazon-BEHEMOTHLABZ-HGH-Fragment-176-191-5mg-dp-B08FZCZFH2-ref-sr-1-51-2020-08-25-14_22_52.png
2020-08-25,Epitalon,https://www.amazon.com/BEHEMOTHLABZ-N-Acetyl-Epithalon-Epitalon-100mg/dp/B08FZF2WH3/ref=sr_1_49?dchild=1&keywords=BEHEMOTHLABZ,B08FZF2WH3,Three1.aob163,https://raw.githubusercontent.com/the-markup/investigation-amazon-peptides/raw/master/screenshots/screencapture-amazon-BEHEMOTHLABZ-N-Acetyl-Epithalon-Epitalon-100mg-dp-B08FZF2WH3-ref-sr-1-49-2020-08-25-14_22_16.png
2020-08-25,GHRP-2,https://www.amazon.com/BEHEMOTHLABZ-GHRP-2-5mg/dp/B08FZGBHSM/ref=sr_1_48?dchild=1&keywords=BEHEMOTHLABZ,B08FZGBHSM,Three1.aob163,https://raw.githubusercontent.com/the-markup/investigation-amazon-peptides/raw/master/screenshots/screencapture-amazon-BEHEMOTHLABZ-GHRP-2-5mg-dp-B08FZGBHSM-ref-sr-1-48-2020-08-25-14_21_30.png
2020-08-25,GHRP-6,https://www.amazon.com/BEHEMOTHLABZ-GHRP-6-10mg/dp/B08FZLCVTX/ref=sr_1_47?dchild=1&keywords=BEHEMOTHLABZ,B08FZLCVTX,Three1.aob163,https://raw.githubusercontent.com/the-markup/investigation-amazon-peptides/raw/master/screenshots/screencapture-amazon-BEHEMOTHLABZ-GHRP-6-10mg-dp-B08FZLCVTX-ref-sr-1-47-2020-08-25-14_20_57.png
2020-08-25,GHRP-6,https://www.amazon.com/BEHEMOTHLABZ-GHRP-6-5mg/dp/B08FZLDD7H/ref=sr_1_46?dchild=1&keywords=BEHEMOTHLABZ,B08FZLDD7H,Three1.aob163,https://raw.githubusercontent.com/the-markup/investigation-amazon-peptides/raw/master/screenshots/screencapture-amazon-BEHEMOTHLABZ-GHRP-6-5mg-dp-B08FZLDD7H-ref-sr-1-46-2020-08-25-14_20_01.png
2020-08-25,HGH Fragment 176-191,https://www.amazon.com/BEHEMOTHLABZ-HGH-Fragment-176-191-10mg/dp/B08FZQ7QDL/ref=sr_1_43?dchild=1&keywords=BEHEMOTHLABZ,B08FZQ7QDL,Three1.aob163,https://raw.githubusercontent.com/the-markup/investigation-amazon-peptides/raw/master/screenshots/screencapture-amazon-BEHEMOTHLABZ-HGH-Fragment-176-191-10mg-dp-B08FZQ7QDL-ref-sr-1-43-2020-08-25-14_19_27.png
2020-09-03,Ipamorelin,https://www.amazon.com/BEHEMOTHLABZ-Ipamorelin-5mg/dp/B08G594C3X/ref=sr_1_20?dchild=1&m=A3NHLVMZMCF47R,B08G594C3X,(Pharma Grade Peptides),https://raw.githubusercontent.com/the-markup/investigation-amazon-peptides/raw/master/screenshots/screencapture-amazon-BEHEMOTHLABZ-Ipamorelin-5mg-dp-B08G594C3X-ref-sr-1-20-2020-09-03-15_07_37.png
2020-08-25,Ipamorelin,https://www.amazon.com/BEHEMOTHLABZ-Ipamorelin-5mg/dp/B08G594C3X/ref=sr_1_39?dchild=1&keywords=BEHEMOTHLABZ,B08G594C3X,Three1.aob163,https://raw.githubusercontent.com/the-markup/investigation-amazon-peptides/raw/master/screenshots/screencapture-amazon-BEHEMOTHLABZ-Ipamorelin-5mg-dp-B08G594C3X-ref-sr-1-39-2020-08-25-14_18_28.png
2020-09-03,Melanotan 1,https://www.amazon.com/BEHEMOTHLABZ-Melanotan1-10mg/dp/B08G59QSZ5/ref=sr_1_19?dchild=1&m=A3NHLVMZMCF47R,B08G59QSZ5,(Pharma Grade Peptides),https://raw.githubusercontent.com/the-markup/investigation-amazon-peptides/raw/master/screenshots/screencapture-amazon-BEHEMOTHLABZ-Melanotan1-10mg-dp-B08G59QSZ5-ref-sr-1-19-2020-09-03-15_05_40
2020-08-25,TB-500,https://www.amazon.com/BEHEMOTHLABZ-TB-500-2mg/dp/B08G86Z8C8/ref=sr_1_33?dchild=1&keywords=BEHEMOTHLABZ,B08G86Z8C8,Three1.aob163,https://raw.githubusercontent.com/the-markup/investigation-amazon-peptides/raw/master/screenshots/screencapture-amazon-BEHEMOTHLABZ-TB-500-5mg-dp-B08G8JRHGJ-ref-sr-1-31-2020-08-25-14_15_56.png
2020-08-25,TB-500,https://www.amazon.com/BEHEMOTHLABZ-TB-500-10mg/dp/B08G891ZVW/ref=sr_1_32?dchild=1&keywords=BEHEMOTHLABZ,B08G891ZVW,Three1.aob163,https://raw.githubusercontent.com/the-markup/investigation-amazon-peptides/raw/master/screenshots/screencapture-amazon-BEHEMOTHLABZ-TB-500-10mg-dp-B08G891ZVW-ref-sr-1-32-2020-08-25-14_17_08.png
2020-08-25,TB-500,https://www.amazon.com/BEHEMOTHLABZ-TB-500-5mg/dp/B08G8JRHGJ/ref=sr_1_31?dchild=1&keywords=BEHEMOTHLABZ,B08G8JRHGJ,Three1.aob163,https://raw.githubusercontent.com/the-markup/investigation-amazon-peptides/raw/master/screenshots/screencapture-amazon-BEHEMOTHLABZ-TB-500-5mg-dp-B08G8JRHGJ-ref-sr-1-31-2020-08-25-14_15_56.png
2020-08-25,PT-141,https://www.amazon.com/Trident-Peptide-PT-141-10mg/dp/B08GKLW1C1/ref=sr_1_11?dchild=1&m=A2KD7MA1RAXWFK,B08GKLW1C1,Trident Peptide Direct,https://raw.githubusercontent.com/the-markup/investigation-amazon-peptides/raw/master/screenshots/screencapture-amazon-Trident-Peptide-PT-141-10mg-dp-B08GKLW1C1-ref-sr-1-11-2020-08-25-14_45_55.png
2020-08-25,TB-500,https://www.amazon.com/Trident-Peptide-TB-500-5mg/dp/B08GKMHQ26/ref=sr_1_10?dchild=1&m=A2KD7MA1RAXWFK&,B08GKMHQ26,Trident Peptide Direct,https://raw.githubusercontent.com/the-markup/investigation-amazon-peptides/raw/master/screenshots/screencapture-amazon-Trident-Peptide-TB-500-5mg-dp-B08GKMHQ26-ref-sr-1-10-2020-08-25-14_45_21.png